name,category_b,category_s,location,link
테지움 테디베어 테마파크 서울점,테마파크,테마파크,테마파크,https://m.place.naver.com/place/36520686?entry=ple
렛츠런파크 서울,테마파크,"도시,테마공원",테마파크,https://m.place.naver.com/place/11882754?entry=ple
스머프 매직 포레스트 강남점,테마파크,테마파크,테마파크,https://m.place.naver.com/place/1716057332?entry=ple
배다골 테마파크,테마파크,테마파크,테마파크,https://m.place.naver.com/place/787187760?entry=ple
대부바다향기테마파크,테마파크,테마파크,테마파크,https://m.place.naver.com/place/31299078?entry=ple
웅진플레이도시,테마파크,테마파크,테마파크,https://m.place.naver.com/place/13294864?entry=ple
월미테마파크,테마파크,테마공원,테마파크,https://m.place.naver.com/place/13286619?entry=ple
왕송호수공원,테마파크,테마파크,테마파크,https://m.place.naver.com/place/1720210811?entry=ple
하이브패밀리테마파크,테마파크,테마파크,테마파크,https://m.place.naver.com/place/1412566119?entry=ple
아르티스테마파크,테마파크,테마파크,테마파크,https://m.place.naver.com/place/1751383277?entry=ple
호텔 스카이파크 킹스타운 동대문점 스카이 시티 레이싱,테마파크,"레저,테마",테마파크,https://m.place.naver.com/place/1475891783?entry=ple
시아테마파크,테마파크,테마파크,테마파크,https://m.place.naver.com/place/1532196871?entry=ple
책테마파크도서관,테마파크,"도시,테마공원",테마파크,https://m.place.naver.com/place/13327100?entry=ple
볼베어파크 부천점,테마파크,테마파크,테마파크,https://m.place.naver.com/place/1654560840?entry=ple
더스테이힐링파크,테마파크,"레저,테마",테마파크,https://m.place.naver.com/place/38477833?entry=ple
코코몽에코파크 용인점,테마파크,테마파크,테마파크,https://m.place.naver.com/place/20673595?entry=ple
연꽃테마파크,테마파크,테마공원,테마파크,https://m.place.naver.com/place/13143571?entry=ple
하내테마파크,테마파크,테마파크,테마파크,https://m.place.naver.com/place/19129479?entry=ple
에델바이스 스위스 테마파크,테마파크,테마공원,테마파크,https://m.place.naver.com/place/34559812?entry=ple
서희테마파크,테마파크,테마파크,테마파크,https://m.place.naver.com/place/36794637?entry=ple
용인농촌테마파크,테마파크,테마공원,테마파크,https://m.place.naver.com/place/13327760?entry=ple
오산버드파크,테마파크,테마파크,테마파크,https://m.place.naver.com/place/1488426279?entry=ple
화성국제테마파크(2026년예정),테마파크,테마파크,테마파크,https://m.place.naver.com/place/1103830319?entry=ple
나리벡시티테마파크(2027년01월예정),테마파크,테마파크,테마파크,https://m.place.naver.com/place/619151680?entry=ple
파주라기파크,테마파크,테마파크,테마파크,https://m.place.naver.com/place/1076719659?entry=ple
양평 쉬자파크공원,테마파크,테마공원,테마파크,https://m.place.naver.com/place/36943426?entry=ple
인천로봇랜드테마파크(2026년예정),테마파크,"레저,테마",테마파크,https://m.place.naver.com/place/16977451?entry=ple
관악소방서소방안전테마파크,테마파크,"관람,체험",테마파크,https://m.place.naver.com/place/1415800292?entry=ple
2017 부천 어린이키즈테마파크,테마파크,"레저,테마",테마파크,https://m.place.naver.com/place/745748877?entry=ple
드림파크 야생화단지,테마파크,"도시,테마공원",테마파크,https://m.place.naver.com/place/16953983?entry=ple
사파리체험테마파크,테마파크,"관람,체험",테마파크,https://m.place.naver.com/place/33618012?entry=ple
송도테마파크 (2026년2월예정),테마파크,"레저,테마",테마파크,https://m.place.naver.com/place/21902312?entry=ple
스카이밀크 팜,테마파크,"관람,체험",테마파크,https://m.place.naver.com/place/36901076?entry=ple
태산패밀리파크,테마파크,"도시,테마공원",테마파크,https://m.place.naver.com/place/11622445?entry=ple
롯데월드 어드벤처,테마파크,테마파크,테마파크,https://m.place.naver.com/place/11583235?entry=ple
베어팜,테마파크,"관람,체험",테마파크,https://m.place.naver.com/place/18837448?entry=ple
롯데몰 김포공항점스카이파크,테마파크,"도시,테마공원",테마파크,https://m.place.naver.com/place/20786260?entry=ple
씨사이드파크 해수족욕장,테마파크,테마공원,테마파크,https://m.place.naver.com/place/1269803706?entry=ple
다이나믹메이즈 인사동,테마파크,테마파크,테마파크,https://m.place.naver.com/place/36631598?entry=ple
동탄TRIM파크,테마파크,테마공원,테마파크,https://m.place.naver.com/place/1100093489?entry=ple
아이키즈파크,테마파크,"레저,테마",테마파크,https://m.place.naver.com/place/940521362?entry=ple
그린비전테마파크,테마파크,테마공원,테마파크,https://m.place.naver.com/place/19203860?entry=ple
에코랜드 테마파크,테마파크,테마파크,테마파크,https://m.place.naver.com/place/19584967?entry=ple
서울어린이대공원,테마파크,테마파크,테마파크,https://m.place.naver.com/place/11796387?entry=ple
김포레코파크,테마파크,테마공원,테마파크,https://m.place.naver.com/place/20656311?entry=ple
임실치즈테마파크,테마파크,테마파크,테마파크,https://m.place.naver.com/place/1514459962?entry=ple
여수 유월드 루지 테마파크,테마파크,테마파크,테마파크,https://m.place.naver.com/place/1615094405?entry=ple
김해가야테마파크,테마파크,테마파크,테마파크,https://m.place.naver.com/place/15491493?entry=ple
삼국유사테마파크,테마파크,테마파크,테마파크,https://m.place.naver.com/place/1735212439?entry=ple
신화테마파크,테마파크,테마파크,테마파크,https://m.place.naver.com/place/1870600980?entry=ple
서울랜드,테마파크,테마파크,테마파크,https://m.place.naver.com/place/11583237?entry=ple
수목원테마파크,테마파크,테마파크,테마파크,https://m.place.naver.com/place/30811752?entry=ple
합천영상테마파크,테마파크,테마파크,테마파크,https://m.place.naver.com/place/13291032?entry=ple
박물관은살아있다 인사동점,테마파크,테마파크,테마파크,https://m.place.naver.com/place/34386470?entry=ple
담양테테루테마파크,테마파크,테마파크,테마파크,https://m.place.naver.com/place/1034167536?entry=ple
아이니테마파크,테마파크,테마파크,테마파크,https://m.place.naver.com/place/659913225?entry=ple
해운대블루라인파크 미포정거장,테마파크,테마파크,테마파크,https://m.place.naver.com/place/1007574852?entry=ple
소인국 테마파크,테마파크,테마파크,테마파크,https://m.place.naver.com/place/11555793?entry=ple
그린아일랜드테마파크,테마파크,"관람,체험",테마파크,https://m.place.naver.com/place/87901107?entry=ple
서프라이즈 테마파크,테마파크,테마파크,테마파크,https://m.place.naver.com/place/1193663990?entry=ple
주렁주렁 영등포 타임스퀘어점,테마파크,테마파크,테마파크,https://m.place.naver.com/place/1770068822?entry=ple
테마파크소풍,테마파크,테마파크,테마파크,https://m.place.naver.com/place/590873191?entry=ple
순창발효테마파크,테마파크,테마파크,테마파크,https://m.place.naver.com/place/1820312680?entry=ple
9.81 파크 제주,테마파크,테마파크,테마파크,https://m.place.naver.com/place/1666616962?entry=ple
원주한지테마파크,테마파크,테마파크,테마파크,https://m.place.naver.com/place/11555986?entry=ple
해운대블루라인파크,테마파크,테마파크,테마파크,https://m.place.naver.com/place/1287134328?entry=ple
주렁주렁 하남점,테마파크,테마파크,테마파크,https://m.place.naver.com/place/1587308093?entry=ple
신재생에너지테마파크,테마파크,"레저,테마",테마파크,https://m.place.naver.com/place/20178029?entry=ple
노리매,테마파크,"도시,테마공원",테마파크,https://m.place.naver.com/place/21607831?entry=ple
롯데월드 어드벤처매직아일랜드,테마파크,테마파크,테마파크,https://m.place.naver.com/place/18843840?entry=ple
밀리터리테마파크,테마파크,"레저,테마",테마파크,https://m.place.naver.com/place/1179459045?entry=ple
서산시겨울테마파크,테마파크,테마파크,테마파크,https://m.place.naver.com/place/1401655764?entry=ple
국민힐링파크,테마파크,테마파크,테마파크,https://m.place.naver.com/place/1686568168?entry=ple
부안영상테마파크,테마파크,테마파크,테마파크,https://m.place.naver.com/place/1096343920?entry=ple
무병장수테마파크,테마파크,테마파크,테마파크,https://m.place.naver.com/place/19643175?entry=ple
에버랜드,테마파크,테마파크,테마파크,https://m.place.naver.com/place/11574457?entry=ple
선샤인밀양테마파크(2024년3월예정),테마파크,테마파크,테마파크,https://m.place.naver.com/place/1938598848?entry=ple
합천국보테마파크,테마파크,테마파크,테마파크,https://m.place.naver.com/place/1995215643?entry=ple
대장경테마파크,테마파크,테마공원,테마파크,https://m.place.naver.com/place/21419297?entry=ple
더마파크,테마파크,테마파크,테마파크,https://m.place.naver.com/place/13028494?entry=ple
트윈터널,테마파크,테마공원,테마파크,https://m.place.naver.com/place/57831343?entry=ple
해운대블루라인파크 송정정거장,테마파크,테마파크,테마파크,https://m.place.naver.com/place/1439405831?entry=ple
전통농경문화테마파크,테마파크,테마파크,테마파크,https://m.place.naver.com/place/21408113?entry=ple
태종대 오션플라잉 테마파크,테마파크,테마파크,테마파크,https://m.place.naver.com/place/1443162775?entry=ple
한국문화테마파크,테마파크,테마파크,테마파크,https://m.place.naver.com/place/1159328943?entry=ple
행화촌자연테마파크,테마파크,테마파크,테마파크,https://m.place.naver.com/place/1977461063?entry=ple
앙젤루스 소원테마파크 속초아이점,테마파크,테마파크,테마파크,https://m.place.naver.com/place/1728606406?entry=ple
정글미디어파크,테마파크,테마파크,테마파크,https://m.place.naver.com/place/1497368298?entry=ple
플레이월드,테마파크,테마파크,테마파크,https://m.place.naver.com/place/1989376209?entry=ple
백마강테마파크,테마파크,테마파크,테마파크,https://m.place.naver.com/place/1655429306?entry=ple
메이즈랜드,테마파크,테마공원,테마파크,https://m.place.naver.com/place/20034615?entry=ple
액티브파크 제주,테마파크,테마파크,테마파크,https://m.place.naver.com/place/1865664437?entry=ple
충주탄금공원,테마파크,테마공원,테마파크,https://m.place.naver.com/place/20373587?entry=ple
세계거석테마파크,테마파크,"레저,테마",테마파크,https://m.place.naver.com/place/1936723989?entry=ple
서울어린이대공원놀이동산,테마파크,테마파크,테마파크,https://m.place.naver.com/place/13535141?entry=ple
무안 전통생활문화 테마파크,테마파크,테마파크,테마파크,https://m.place.naver.com/place/1912540218?entry=ple
코코몽에코파크 제주점,테마파크,테마파크,테마파크,https://m.place.naver.com/place/32378272?entry=ple
거제맹종죽테마파크,테마파크,테마공원,테마파크,https://m.place.naver.com/place/20059127?entry=ple
제주센트럴파크,테마파크,"관람,체험",테마파크,https://m.place.naver.com/place/11558557?entry=ple
무아마운틴파크,테마파크,테마파크,테마파크,https://m.place.naver.com/place/1033171794?entry=ple
한국민속촌,테마파크,"관람,체험",테마파크,https://m.place.naver.com/place/11620801?entry=ple
목소리테마파크,테마파크,테마파크,테마파크,https://m.place.naver.com/place/36924917?entry=ple
진도개테마파크,테마파크,테마공원,테마파크,https://m.place.naver.com/place/20956109?entry=ple
1004뮤지엄파크,테마파크,테마파크,테마파크,https://m.place.naver.com/place/1988800891?entry=ple
천수만농어촌테마파크,테마파크,테마파크,테마파크,https://m.place.naver.com/place/1423692548?entry=ple
오가닉테마파크,테마파크,테마파크,테마파크,https://m.place.naver.com/place/1860357870?entry=ple
춘향테마파크,테마파크,테마공원,테마파크,https://m.place.naver.com/place/12756624?entry=ple
대관령테마파크,테마파크,테마파크,테마파크,https://m.place.naver.com/place/1211645227?entry=ple
주라지테마파크 대구신세계점,테마파크,테마파크,테마파크,https://m.place.naver.com/place/1365872488?entry=ple
별주부전테마파크,테마파크,테마공원,테마파크,https://m.place.naver.com/place/37804420?entry=ple
엠플레이파크,테마파크,테마파크,테마파크,https://m.place.naver.com/place/1534956577?entry=ple
중문미로파크,테마파크,테마파크,테마파크,https://m.place.naver.com/place/87507385?entry=ple
내장산관광테마파크,테마파크,테마파크,테마파크,https://m.place.naver.com/place/17562784?entry=ple
의성마늘테마파크,테마파크,테마파크,테마파크,https://m.place.naver.com/place/32663700?entry=ple
진해해양공원,테마파크,테마공원,테마파크,https://m.place.naver.com/place/11818747?entry=ple
오렌지가족오락테마파크,테마파크,테마파크,테마파크,https://m.place.naver.com/place/1683861744?entry=ple
한탄강테마파크,테마파크,테마파크,테마파크,https://m.place.naver.com/place/1065295866?entry=ple
파라마운트테마파크(2025년예정),테마파크,테마파크,테마파크,https://m.place.naver.com/place/1027640669?entry=ple
포항해상공원캐릭터테마파크,테마파크,테마공원,테마파크,https://m.place.naver.com/place/195725187?entry=ple
백악기공룡테마파크,테마파크,테마공원,테마파크,https://m.place.naver.com/place/1860821060?entry=ple
포시즌스가든,테마파크,테마파크,테마파크,https://m.place.naver.com/place/19285763?entry=ple
어린이대공원놀이동산,테마파크,테마파크,테마파크,https://m.place.naver.com/place/1818603674?entry=ple
동의보감촌,테마파크,테마공원,테마파크,https://m.place.naver.com/place/19584978?entry=ple
영양분재야생화테마파크,테마파크,테마파크,테마파크,https://m.place.naver.com/place/1187049599?entry=ple
통리탄탄파크,테마파크,테마파크,테마파크,https://m.place.naver.com/place/1478496202?entry=ple
광양시가족형어린이테마파크(2026년예정),테마파크,테마파크,테마파크,https://m.place.naver.com/place/1797881642?entry=ple
곤충나라사과테마파크,테마파크,테마파크,테마파크,https://m.place.naver.com/place/1340683216?entry=ple
홍길동 테마파크,테마파크,테마공원,테마파크,https://m.place.naver.com/place/13418891?entry=ple
함안연꽃테마파크,테마파크,테마공원,테마파크,https://m.place.naver.com/place/32407958?entry=ple
정글대탐험 하이원추추파크점,테마파크,테마파크,테마파크,https://m.place.naver.com/place/1171135313?entry=ple
수목원테마파크수목원길,테마파크,"도시,테마공원",테마파크,https://m.place.naver.com/place/736300907?entry=ple
김천시청소년테마파크(2024년06월예정),테마파크,테마파크,테마파크,https://m.place.naver.com/place/1590080498?entry=ple
동촌파크광장놀이공원,테마파크,테마파크,테마파크,https://m.place.naver.com/place/16167350?entry=ple
큰바위얼굴 테마파크,테마파크,테마공원,테마파크,https://m.place.naver.com/place/11603055?entry=ple
역사문화테마파크,테마파크,테마파크,테마파크,https://m.place.naver.com/place/1628763498?entry=ple
주렁주렁 동탄 라크몽점,테마파크,테마파크,테마파크,https://m.place.naver.com/place/1487924989?entry=ple
코리아플라워파크,테마파크,테마공원,테마파크,https://m.place.naver.com/place/1284855594?entry=ple
궁예태봉국 테마파크,테마파크,테마파크,테마파크,https://m.place.naver.com/place/1677548352?entry=ple
충효테마파크,테마파크,테마파크,테마파크,https://m.place.naver.com/place/1567881225?entry=ple
김해가야딸기테마파크,테마파크,"관람,체험",테마파크,https://m.place.naver.com/place/1419857865?entry=ple
지리산허브밸리,테마파크,"관람,체험",테마파크,https://m.place.naver.com/place/1345183690?entry=ple
한국기독교기념관 하늘정원테마파크 (2025년예정),테마파크,테마파크,테마파크,https://m.place.naver.com/place/1500153407?entry=ple
퍼스트가든,테마파크,테마공원,테마파크,https://m.place.naver.com/place/194606488?entry=ple
정양레저테마파크,테마파크,테마파크,테마파크,https://m.place.naver.com/place/1233670213?entry=ple
훈데르트바서파크,테마파크,테마파크,테마파크,https://m.place.naver.com/place/1349894872?entry=ple
설뫼충효테마파크,테마파크,테마공원,테마파크,https://m.place.naver.com/place/37899192?entry=ple
안동농촌테마파크,테마파크,테마파크,테마파크,https://m.place.naver.com/place/15829517?entry=ple
군남홍수조절지 두루미테마파크,테마파크,테마공원,테마파크,https://m.place.naver.com/place/388169329?entry=ple
치킨체험 테마파크 땅땅치킨랜드,테마파크,"관람,체험",테마파크,https://m.place.naver.com/place/1139166545?entry=ple
고싸움놀이테마공원,테마파크,테마공원,테마파크,https://m.place.naver.com/place/21529413?entry=ple
렛츠런파크 제주,테마파크,"도시,테마공원",테마파크,https://m.place.naver.com/place/11816108?entry=ple
홀스파크,테마파크,테마파크,테마파크,https://m.place.naver.com/place/1825870903?entry=ple
천곡도심빛테마파크(2025년예정),테마파크,테마파크,테마파크,https://m.place.naver.com/place/1832390783?entry=ple
거제알로에테마파크,테마파크,"도시,테마공원",테마파크,https://m.place.naver.com/place/36113695?entry=ple
거창사과테마파크 전시관,테마파크,테마공원,테마파크,https://m.place.naver.com/place/21224794?entry=ple
북벽지구테마파크(2024년02월예정),테마파크,테마파크,테마파크,https://m.place.naver.com/place/1523528559?entry=ple
보은 펀 파크 체험공원,테마파크,테마파크,테마파크,https://m.place.naver.com/place/1689679376?entry=ple
장미원,테마파크,테마파크,테마파크,https://m.place.naver.com/place/19285840?entry=ple
지리산허브밸리 허브사이언스파크,테마파크,테마공원,테마파크,https://m.place.naver.com/place/34581365?entry=ple
밀양한천테마파크,테마파크,"관람,체험",테마파크,https://m.place.naver.com/place/65614937?entry=ple
농심테마파크,테마파크,테마공원,테마파크,https://m.place.naver.com/place/21041810?entry=ple
펀테마파크,테마파크,테마공원,테마파크,https://m.place.naver.com/place/31269098?entry=ple
평창평화테마파크(2025년예정),테마파크,테마파크,테마파크,https://m.place.naver.com/place/1449217985?entry=ple
니지모리스튜디오,테마파크,테마파크,테마파크,https://m.place.naver.com/place/1823829611?entry=ple
FS국제축구테마파크(2025년예정),테마파크,테마파크,테마파크,https://m.place.naver.com/place/1647384123?entry=ple
MCY파크,테마파크,테마공원,테마파크,https://m.place.naver.com/place/1122121219?entry=ple
대전솔로몬로파크,테마파크,테마공원,테마파크,https://m.place.naver.com/place/16103767?entry=ple
렛츠런파크 부산경남,테마파크,"도시,테마공원",테마파크,https://m.place.naver.com/place/12218567?entry=ple
프로방스마을,테마파크,테마파크,테마파크,https://m.place.naver.com/place/19312200?entry=ple
오매불망힐링파크,테마파크,테마파크,테마파크,https://m.place.naver.com/place/1190352908?entry=ple
제주마테마파크,테마파크,"레저,테마",테마파크,https://m.place.naver.com/place/35906710?entry=ple
K1 Speed 비발디파크,테마파크,테마파크,테마파크,https://m.place.naver.com/place/1891846218?entry=ple
플레이파크,테마파크,테마파크,테마파크,https://m.place.naver.com/place/1974715829?entry=ple
함창명주테마파크공원,테마파크,테마공원,테마파크,https://m.place.naver.com/place/15370311?entry=ple
9.81파크인천공항(2026년예정),테마파크,테마파크,테마파크,https://m.place.naver.com/place/1106416926?entry=ple
무궁화테마파크,테마파크,테마공원,테마파크,https://m.place.naver.com/place/582929127?entry=ple
수성패밀리파크,테마파크,테마공원,테마파크,https://m.place.naver.com/place/19838422?entry=ple
원주산악자전거파크,테마파크,테마파크,테마파크,https://m.place.naver.com/place/1872465454?entry=ple
마린어드벤처파크,테마파크,"레저,테마",테마파크,https://m.place.naver.com/place/1700759745?entry=ple
장수누리파크,테마파크,테마공원,테마파크,https://m.place.naver.com/place/38628266?entry=ple
진해드림파크,테마파크,테마공원,테마파크,https://m.place.naver.com/place/13049938?entry=ple
두리랜드,테마파크,테마파크,테마파크,https://m.place.naver.com/place/13001939?entry=ple
산청황매산미리내파크,테마파크,테마공원,테마파크,https://m.place.naver.com/place/19828257?entry=ple
무주전통공예테마파크,테마파크,테마공원,테마파크,https://m.place.naver.com/place/17632857?entry=ple
양산워터파크,테마파크,"도시,테마공원",테마파크,https://m.place.naver.com/place/15870356?entry=ple
영천댐하류공원,테마파크,"도시,테마공원",테마파크,https://m.place.naver.com/place/33647387?entry=ple
펄오션파크,테마파크,테마파크,테마파크,https://m.place.naver.com/place/1052690153?entry=ple
스머프 매직 포레스트 홍대점,테마파크,테마파크,테마파크,https://m.place.naver.com/place/1011926552?entry=ple
도천테마공원,테마파크,테마공원,테마파크,https://m.place.naver.com/place/13491639?entry=ple
디아넥스 파크골프,테마파크,"레저,테마",테마파크,https://m.place.naver.com/place/38628162?entry=ple
제주드론파크,테마파크,"레저,테마",테마파크,https://m.place.naver.com/place/1191117321?entry=ple
별빛마을포토랜드,테마파크,테마파크,테마파크,https://m.place.naver.com/place/36404076?entry=ple
쁘띠프랑스,테마파크,테마파크,테마파크,https://m.place.naver.com/place/12913212?entry=ple
루덴시아,테마파크,테마파크,테마파크,https://m.place.naver.com/place/1266097670?entry=ple
예술테마파크,테마파크,테마공원,테마파크,https://m.place.naver.com/place/1539521731?entry=ple
원이엄마테마공원,테마파크,테마공원,테마파크,https://m.place.naver.com/place/36643887?entry=ple
뮤직가든,테마파크,테마파크,테마파크,https://m.place.naver.com/place/19285800?entry=ple
마이랜드,테마파크,테마파크,테마파크,https://m.place.naver.com/place/12764316?entry=ple
위천수변테마파크,테마파크,"도시,테마공원",테마파크,https://m.place.naver.com/place/1321063132?entry=ple
별빛정원 우주,테마파크,테마파크,테마파크,https://m.place.naver.com/place/1769557916?entry=ple
남광주역사테마파크,테마파크,테마공원,테마파크,https://m.place.naver.com/place/31813136?entry=ple
김해가야테마파크 도자기체험관,테마파크,"관람,체험",테마파크,https://m.place.naver.com/place/37008675?entry=ple
위천수변테마파크,테마파크,"도시,테마공원",테마파크,https://m.place.naver.com/place/1036732097?entry=ple
헤이파크,테마파크,테마파크,테마파크,https://m.place.naver.com/place/1098924979?entry=ple
상주밀리터리테마파크,테마파크,"관람,체험",테마파크,https://m.place.naver.com/place/1795484286?entry=ple
두륜미로파크,테마파크,테마공원,테마파크,https://m.place.naver.com/place/36733646?entry=ple
나주배테마파크,테마파크,테마공원,테마파크,https://m.place.naver.com/place/17344393?entry=ple
하늘정원길,테마파크,테마파크,테마파크,https://m.place.naver.com/place/1772463707?entry=ple
양양보드파크,테마파크,테마파크,테마파크,https://m.place.naver.com/place/1652500529?entry=ple
합천정원테마파크,테마파크,"관람,체험",테마파크,https://m.place.naver.com/place/37009591?entry=ple
이탈리아마을 피노키오와 다빈치,테마파크,테마파크,테마파크,https://m.place.naver.com/place/1887387505?entry=ple
스머프 매직 포레스트 안양점,테마파크,테마파크,테마파크,https://m.place.naver.com/place/1144803975?entry=ple
청주휴게소(서울방향)청주생태테마파크,테마파크,테마공원,테마파크,https://m.place.naver.com/place/30859688?entry=ple
심산문화테마파크(2024년02월예정),테마파크,테마공원,테마파크,https://m.place.naver.com/place/1395004783?entry=ple
산내들광장,테마파크,테마공원,테마파크,https://m.place.naver.com/place/580828896?entry=ple
부여서동요역사관광지,테마파크,"관람,체험",테마파크,https://m.place.naver.com/place/20012905?entry=ple
인스파이어 디스커버리 파크,테마파크,"도시,테마공원",테마파크,https://m.place.naver.com/place/1054159272?entry=ple
다이노스타,테마파크,테마파크,테마파크,https://m.place.naver.com/place/38426926?entry=ple
다이노 베이,테마파크,테마파크,테마파크,https://m.place.naver.com/place/1187559191?entry=ple
디스커버리 네이처스케이프 동탄점,테마파크,테마파크,테마파크,https://m.place.naver.com/place/1001738426?entry=ple
삽사리테마파크,테마파크,"관람,체험",테마파크,https://m.place.naver.com/place/20393718?entry=ple
홍성솔바람테마파크,테마파크,"관람,체험",테마파크,https://m.place.naver.com/place/1530620636?entry=ple
스머프 매직 포레스트 하남점,테마파크,테마파크,테마파크,https://m.place.naver.com/place/1896793956?entry=ple
숲속곰디체험학교,테마파크,테마파크,테마파크,https://m.place.naver.com/place/34585220?entry=ple
국제 평화 아트 파크,테마파크,"도시,테마공원",테마파크,https://m.place.naver.com/place/812789223?entry=ple
이솝우산길,테마파크,테마파크,테마파크,https://m.place.naver.com/place/1293339759?entry=ple
소인국 테마파크오사카성,테마파크,테마공원,테마파크,https://m.place.naver.com/place/36961105?entry=ple
"놀자숲, 스노우타운 눈썰매장",테마파크,테마파크,테마파크,https://m.place.naver.com/place/1009425052?entry=ple
김순자명인 김치테마파크,테마파크,"관람,체험",테마파크,https://m.place.naver.com/place/31206815?entry=ple
두메실농업 테마파크,테마파크,"관람,체험",테마파크,https://m.place.naver.com/place/1957619065?entry=ple
양천구어린이교통안전교육장,테마파크,"도시,테마공원",테마파크,https://m.place.naver.com/place/12800602?entry=ple
원주한지테마파크전시체험관,테마파크,"관람,체험",테마파크,https://m.place.naver.com/place/1362600645?entry=ple
애니랜드,테마파크,테마파크,테마파크,https://m.place.naver.com/place/37302612?entry=ple
다이노스 얼라이브,테마파크,테마파크,테마파크,https://m.place.naver.com/place/1636435207?entry=ple
삼산테마파크 소금강양떼목장,테마파크,"관람,체험",테마파크,https://m.place.naver.com/place/1938774648?entry=ple
진해해양공원솔라파크,테마파크,테마공원,테마파크,https://m.place.naver.com/place/1468923481?entry=ple
코코몽팜빌리지,테마파크,테마파크,테마파크,https://m.place.naver.com/place/34635937?entry=ple
더츠커피 대구테마파크,테마파크,"관람,체험",테마파크,https://m.place.naver.com/place/32821906?entry=ple
가평휴개소 펫파크,테마파크,테마공원,테마파크,https://m.place.naver.com/place/1900704136?entry=ple
웅상센트럴파크(2024년3월예정),테마파크,"도시,테마공원",테마파크,https://m.place.naver.com/place/1824136368?entry=ple
고창MTB파크,테마파크,"도시,테마공원",테마파크,https://m.place.naver.com/place/1984530365?entry=ple
남북통일테마파크,테마파크,"관람,체험",테마파크,https://m.place.naver.com/place/36144388?entry=ple
스머프 매직 포레스트 송도점,테마파크,테마파크,테마파크,https://m.place.naver.com/place/1152333458?entry=ple
스머프 매직 포레스트 동탄점,테마파크,테마파크,테마파크,https://m.place.naver.com/place/1320968463?entry=ple
프리지언클럽앤리조트,테마파크,테마파크,테마파크,https://m.place.naver.com/place/1443356625?entry=ple
장미원학습장,테마파크,테마파크,테마파크,https://m.place.naver.com/place/1134079596?entry=ple
이지캠프 양주,테마파크,테마파크,테마파크,https://m.place.naver.com/place/1981711303?entry=ple
제주여성테마파크(2024년02월예정),테마파크,"관람,체험",테마파크,https://m.place.naver.com/place/35358012?entry=ple
하의해양테마파크,테마파크,"관람,체험",테마파크,https://m.place.naver.com/place/37418360?entry=ple
천관문학관테마파크,테마파크,"관람,체험",테마파크,https://m.place.naver.com/place/17038835?entry=ple
